Year,Country,Crop,Yield,Precipitation,Temperature,Fertilizer,Pesticide
1980,Sri Lanka,Potatoes,112676,1291.2,27.08,14.48,0.13
1981,Sri Lanka,Potatoes,124060,1721.7,26.77,14.45,0.13
1982,Sri Lanka,Potatoes,124644,1475.01,26.87,16.82,0.13
1983,Sri Lanka,Potatoes,131865,1340.67,27.2,18.68,0.13
1984,Sri Lanka,Potatoes,114597,2125.08,26.54,20.03,0.13
1985,Sri Lanka,Potatoes,125000,1755.12,26.76,20.15,0.13
1986,Sri Lanka,Potatoes,113005,1614.58,26.84,20.99,0.13
1987,Sri Lanka,Potatoes,116624,1341.51,27.21,21.11,0.13
1988,Sri Lanka,Potatoes,120690,1903.99,27.1,20.6,0.13
1989,Sri Lanka,Potatoes,119116,1502.31,26.77,21.38,0.13
1990,Sri Lanka,Potatoes,110520,1923.31,27.08,15.35,0.13
1991,Sri Lanka,Potatoes,104522,1542.53,27.07,16.23,0.13
1992,Sri Lanka,Potatoes,110108,1421.87,26.81,15.94,0.16
1993,Sri Lanka,Potatoes,112006,1940.54,26.87,20.4,0.17
1994,Sri Lanka,Potatoes,110104,1758,26.94,18.53,0.18
1995,Sri Lanka,Potatoes,109931,1589.05,27.11,18.22,0.19
1996,Sri Lanka,Potatoes,127136,1733.76,26.98,18.55,0.22
1997,Sri Lanka,Potatoes,102773,1962.45,27.22,15.95,0.23
1998,Sri Lanka,Potatoes,111254,1603.31,27.65,15.4,0.23
1999,Sri Lanka,Potatoes,125207,1795.78,26.93,17.67,0.28
2000,Sri Lanka,Potatoes,132921,1767.87,27.06,15.91,0.36
2001,Sri Lanka,Potatoes,135718,1490,27.25,16.42,0.38
2002,Sri Lanka,Potatoes,134206,1713.68,27.34,18.35,0.48
2003,Sri Lanka,Potatoes,113708,1653.55,27.33,19.41,0.63
2004,Sri Lanka,Potatoes,148033,1938.74,27.05,18.31,0.8
2005,Sri Lanka,Potatoes,141622,1699.56,27.2,17.82,0.93
2006,Sri Lanka,Potatoes,148094,2118.55,27.16,25.46,1.08
2007,Sri Lanka,Potatoes,145197,1595.3,27.11,25.28,1.26
2008,Sri Lanka,Potatoes,145282,2000.6,27.03,32.04,1.43
2009,Sri Lanka,Potatoes,149034,1566.36,27.4,24.2,1.59
2010,Sri Lanka,Potatoes,135234,1836.34,27.46,23.25,1.53
2011,Sri Lanka,Potatoes,132500,1567.57,27.27,27.26,1.74
2012,Sri Lanka,Potatoes,155269,1705.22,27.46,27.23,1.56
2013,Sri Lanka,Potatoes,153210,1520.71,27.24,19.08,1.77
2014,Sri Lanka,Potatoes,153536,1852.65,27.39,27.2,1.82
2015,Sri Lanka,Potatoes,158257,2321.39,27.35,17.12,1.51
2016,Sri Lanka,Potatoes,158009,1419.29,27.72,12.47,1.62
2017,Sri Lanka,Potatoes,164591,1675.3,27.45,8.39,1.69
2018,Sri Lanka,Potatoes,171815,1780.49,27.34,17.28,1.68
2019,Sri Lanka,Potatoes,187117,1864.93,27.68,16.66,1.64
2020,Sri Lanka,Potatoes,182567,1610.83,27.66,21.55,1.67
1980,Sri Lanka,Rice,25897,1291.2,27.08,14.48,0.13
1981,Sri Lanka,Rice,26462,1721.7,26.77,14.45,0.13
1982,Sri Lanka,Rice,28896,1475.01,26.87,16.82,0.13
1983,Sri Lanka,Rice,31977,1340.67,27.2,18.68,0.13
1984,Sri Lanka,Rice,27316,2125.08,26.54,20.03,0.13
1985,Sri Lanka,Rice,30777,1755.12,26.76,20.15,0.13
1986,Sri Lanka,Rice,30944,1614.58,26.84,20.99,0.13
1987,Sri Lanka,Rice,31318,1341.51,27.21,21.11,0.13
1988,Sri Lanka,Rice,30367,1903.99,27.1,20.6,0.13
1989,Sri Lanka,Rice,29916,1502.31,26.77,21.38,0.13
1990,Sri Lanka,Rice,30643,1923.31,27.08,15.35,0.13
1991,Sri Lanka,Rice,30215,1542.53,27.07,16.23,0.13
1992,Sri Lanka,Rice,30544,1421.87,26.81,15.94,0.16
1993,Sri Lanka,Rice,31350,1940.54,26.87,20.4,0.17
1994,Sri Lanka,Rice,29933,1758,26.94,18.53,0.18
1995,Sri Lanka,Rice,31586,1589.05,27.11,18.22,0.19
1996,Sri Lanka,Rice,31231,1733.76,26.98,18.55,0.22
1997,Sri Lanka,Rice,32451,1962.45,27.22,15.95,0.23
1998,Sri Lanka,Rice,35102,1603.31,27.65,15.4,0.23
1999,Sri Lanka,Rice,32810,1795.78,26.93,17.67,0.28
2000,Sri Lanka,Rice,34374,1767.87,27.06,15.91,0.36
2001,Sri Lanka,Rice,35228,1490,27.25,16.42,0.38
2002,Sri Lanka,Rice,34889,1713.68,27.34,18.35,0.48
2003,Sri Lanka,Rice,33696,1653.55,27.33,19.41,0.63
2004,Sri Lanka,Rice,36516,1938.74,27.05,18.31,0.8
2005,Sri Lanka,Rice,35465,1699.56,27.2,17.82,0.93
2006,Sri Lanka,Rice,36705,2118.55,27.16,25.46,1.08
2007,Sri Lanka,Rice,38337,1595.3,27.11,25.28,1.26
2008,Sri Lanka,Rice,36800,2000.6,27.03,32.04,1.43
2009,Sri Lanka,Rice,38748,1566.36,27.4,24.2,1.59
2010,Sri Lanka,Rice,40558,1836.34,27.46,23.25,1.53
2011,Sri Lanka,Rice,35699,1567.57,27.27,27.26,1.74
2012,Sri Lanka,Rice,36057,1705.22,27.46,27.23,1.56
2013,Sri Lanka,Rice,38897,1520.71,27.24,19.08,1.77
2014,Sri Lanka,Rice,38377,1852.65,27.39,27.2,1.82
2015,Sri Lanka,Rice,38758,2321.39,27.35,17.12,1.51
2016,Sri Lanka,Rice,38728,1419.29,27.72,12.47,1.62
2017,Sri Lanka,Rice,30103,1675.3,27.45,8.39,1.69
2018,Sri Lanka,Rice,37752,1780.49,27.34,17.28,1.68
2019,Sri Lanka,Rice,47954,1864.93,27.68,16.66,1.64
2020,Sri Lanka,Rice,48021,1610.83,27.66,21.55,1.67
1980,Sri Lanka,Soya Beans,9927,1291.2,27.08,14.48,0.13
1981,Sri Lanka,Soya Beans,10791,1721.7,26.77,14.45,0.13
1982,Sri Lanka,Soya Beans,6399,1475.01,26.87,16.82,0.13
1983,Sri Lanka,Soya Beans,7253,1340.67,27.2,18.68,0.13
1984,Sri Lanka,Soya Beans,6754,2125.08,26.54,20.03,0.13
1985,Sri Lanka,Soya Beans,11092,1755.12,26.76,20.15,0.13
1986,Sri Lanka,Soya Beans,9489,1614.58,26.84,20.99,0.13
1987,Sri Lanka,Soya Beans,10647,1341.51,27.21,21.11,0.13
1988,Sri Lanka,Soya Beans,9348,1903.99,27.1,20.6,0.13
1989,Sri Lanka,Soya Beans,10345,1502.31,26.77,21.38,0.13
1990,Sri Lanka,Soya Beans,8040,1923.31,27.08,15.35,0.13
1991,Sri Lanka,Soya Beans,9747,1542.53,27.07,16.23,0.13
1992,Sri Lanka,Soya Beans,9905,1421.87,26.81,15.94,0.16
1993,Sri Lanka,Soya Beans,9389,1940.54,26.87,20.4,0.17
1994,Sri Lanka,Soya Beans,10167,1758,26.94,18.53,0.18
1995,Sri Lanka,Soya Beans,10034,1589.05,27.11,18.22,0.19
1996,Sri Lanka,Soya Beans,8551,1733.76,26.98,18.55,0.22
1997,Sri Lanka,Soya Beans,8451,1962.45,27.22,15.95,0.23
1998,Sri Lanka,Soya Beans,9345,1603.31,27.65,15.4,0.23
1999,Sri Lanka,Soya Beans,9756,1795.78,26.93,17.67,0.28
2000,Sri Lanka,Soya Beans,9275,1767.87,27.06,15.91,0.36
2001,Sri Lanka,Soya Beans,9688,1490,27.25,16.42,0.38
2002,Sri Lanka,Soya Beans,9206,1713.68,27.34,18.35,0.48
2003,Sri Lanka,Soya Beans,11608,1653.55,27.33,19.41,0.63
2004,Sri Lanka,Soya Beans,14538,1938.74,27.05,18.31,0.8
2005,Sri Lanka,Soya Beans,16201,1699.56,27.2,17.82,0.93
2006,Sri Lanka,Soya Beans,16873,2118.55,27.16,25.46,1.08
2007,Sri Lanka,Soya Beans,16783,1595.3,27.11,25.28,1.26
2008,Sri Lanka,Soya Beans,24048,2000.6,27.03,32.04,1.43
2009,Sri Lanka,Soya Beans,22831,1566.36,27.4,24.2,1.59
2010,Sri Lanka,Soya Beans,16711,1836.34,27.46,23.25,1.53
2011,Sri Lanka,Soya Beans,15673,1567.57,27.27,27.26,1.74
2012,Sri Lanka,Soya Beans,10987,1705.22,27.46,27.23,1.56
2013,Sri Lanka,Soya Beans,16955,1520.71,27.24,19.08,1.77
2014,Sri Lanka,Soya Beans,10901,1852.65,27.39,27.2,1.82
2015,Sri Lanka,Soya Beans,14388,2321.39,27.35,17.12,1.51
2016,Sri Lanka,Soya Beans,15601,1419.29,27.72,12.47,1.62
2017,Sri Lanka,Soya Beans,17272,1675.3,27.45,8.39,1.69
2018,Sri Lanka,Soya Beans,16545,1780.49,27.34,17.28,1.68
2019,Sri Lanka,Soya Beans,24037,1864.93,27.68,16.66,1.64
2020,Sri Lanka,Soya Beans,22270,1610.83,27.66,21.55,1.67
1980,Sri Lanka,Sugar Cane,428916,1291.2,27.08,14.48,0.13
1981,Sri Lanka,Sugar Cane,397727,1721.7,26.77,14.45,0.13
1982,Sri Lanka,Sugar Cane,388889,1475.01,26.87,16.82,0.13
1983,Sri Lanka,Sugar Cane,226586,1340.67,27.2,18.68,0.13
1984,Sri Lanka,Sugar Cane,387820,2125.08,26.54,20.03,0.13
1985,Sri Lanka,Sugar Cane,405867,1755.12,26.76,20.15,0.13
1986,Sri Lanka,Sugar Cane,337433,1614.58,26.84,20.99,0.13
1987,Sri Lanka,Sugar Cane,333584,1341.51,27.21,21.11,0.13
1988,Sri Lanka,Sugar Cane,383631,1903.99,27.1,20.6,0.13
1989,Sri Lanka,Sugar Cane,356264,1502.31,26.77,21.38,0.13
1990,Sri Lanka,Sugar Cane,390476,1923.31,27.08,15.35,0.13
1991,Sri Lanka,Sugar Cane,400859,1542.53,27.07,16.23,0.13
1992,Sri Lanka,Sugar Cane,291883,1421.87,26.81,15.94,0.16
1993,Sri Lanka,Sugar Cane,341069,1940.54,26.87,20.4,0.17
1994,Sri Lanka,Sugar Cane,648308,1758,26.94,18.53,0.18
1995,Sri Lanka,Sugar Cane,554745,1589.05,27.11,18.22,0.19
1996,Sri Lanka,Sugar Cane,583006,1733.76,26.98,18.55,0.22
1997,Sri Lanka,Sugar Cane,563091,1962.45,27.22,15.95,0.23
1998,Sri Lanka,Sugar Cane,532707,1603.31,27.65,15.4,0.23
1999,Sri Lanka,Sugar Cane,552380,1795.78,26.93,17.67,0.28
2000,Sri Lanka,Sugar Cane,594267,1767.87,27.06,15.91,0.36
2001,Sri Lanka,Sugar Cane,554187,1490,27.25,16.42,0.38
2002,Sri Lanka,Sugar Cane,550000,1713.68,27.34,18.35,0.48
2003,Sri Lanka,Sugar Cane,604452,1653.55,27.33,19.41,0.63
2004,Sri Lanka,Sugar Cane,590949,1938.74,27.05,18.31,0.8
2005,Sri Lanka,Sugar Cane,586369,1699.56,27.2,17.82,0.93
2006,Sri Lanka,Sugar Cane,605218,2118.55,27.16,25.46,1.08
2007,Sri Lanka,Sugar Cane,553011,1595.3,27.11,25.28,1.26
2008,Sri Lanka,Sugar Cane,619249,2000.6,27.03,32.04,1.43
2009,Sri Lanka,Sugar Cane,669723,1566.36,27.4,24.2,1.59
2010,Sri Lanka,Sugar Cane,616061,1836.34,27.46,23.25,1.53
2011,Sri Lanka,Sugar Cane,598039,1567.57,27.27,27.26,1.74
2012,Sri Lanka,Sugar Cane,534076,1705.22,27.46,27.23,1.56
2013,Sri Lanka,Sugar Cane,461890,1520.71,27.24,19.08,1.77
2014,Sri Lanka,Sugar Cane,460553,1852.65,27.39,27.2,1.82
2015,Sri Lanka,Sugar Cane,421566,2321.39,27.35,17.12,1.51
2016,Sri Lanka,Sugar Cane,346102,1419.29,27.72,12.47,1.62
2017,Sri Lanka,Sugar Cane,365655,1675.3,27.45,8.39,1.69
2018,Sri Lanka,Sugar Cane,409856,1780.49,27.34,17.28,1.68
2019,Sri Lanka,Sugar Cane,503899,1864.93,27.68,16.66,1.64
2020,Sri Lanka,Sugar Cane,592629,1610.83,27.66,21.55,1.67
1980,Sri Lanka,Corn,10909,1291.2,27.08,14.48,0.13
1981,Sri Lanka,Corn,9178,1721.7,26.77,14.45,0.13
1982,Sri Lanka,Corn,8379,1475.01,26.87,16.82,0.13
1983,Sri Lanka,Corn,10965,1340.67,27.2,18.68,0.13
1984,Sri Lanka,Corn,10715,2125.08,26.54,20.03,0.13
1985,Sri Lanka,Corn,9150,1755.12,26.76,20.15,0.13
1986,Sri Lanka,Corn,13018,1614.58,26.84,20.99,0.13
1987,Sri Lanka,Corn,12012,1341.51,27.21,21.11,0.13
1988,Sri Lanka,Corn,10486,1903.99,27.1,20.6,0.13
1989,Sri Lanka,Corn,10505,1502.31,26.77,21.38,0.13
1990,Sri Lanka,Corn,11227,1923.31,27.08,15.35,0.13
1991,Sri Lanka,Corn,11916,1542.53,27.07,16.23,0.13
1992,Sri Lanka,Corn,10390,1421.87,26.81,15.94,0.16
1993,Sri Lanka,Corn,9712,1940.54,26.87,20.4,0.17
1994,Sri Lanka,Corn,10032,1758,26.94,18.53,0.18
1995,Sri Lanka,Corn,9695,1589.05,27.11,18.22,0.19
1996,Sri Lanka,Corn,10669,1733.76,26.98,18.55,0.22
1997,Sri Lanka,Corn,9959,1962.45,27.22,15.95,0.23
1998,Sri Lanka,Corn,11371,1603.31,27.65,15.4,0.23
1999,Sri Lanka,Corn,10897,1795.78,26.93,17.67,0.28
2000,Sri Lanka,Corn,10838,1767.87,27.06,15.91,0.36
2001,Sri Lanka,Corn,11182,1490,27.25,16.42,0.38
2002,Sri Lanka,Corn,11282,1713.68,27.34,18.35,0.48
2003,Sri Lanka,Corn,10957,1653.55,27.33,19.41,0.63
2004,Sri Lanka,Corn,15023,1938.74,27.05,18.31,0.8
2005,Sri Lanka,Corn,14713,1699.56,27.2,17.82,0.93
2006,Sri Lanka,Corn,14853,2118.55,27.16,25.46,1.08
2007,Sri Lanka,Corn,16508,1595.3,27.11,25.28,1.26
2008,Sri Lanka,Corn,26337,2000.6,27.03,32.04,1.43
2009,Sri Lanka,Corn,25515,1566.36,27.4,24.2,1.59
2010,Sri Lanka,Corn,28061,1836.34,27.46,23.25,1.53
2011,Sri Lanka,Corn,27262,1567.57,27.27,27.26,1.74
2012,Sri Lanka,Corn,34187,1705.22,27.46,27.23,1.56
2013,Sri Lanka,Corn,30868,1520.71,27.24,19.08,1.77
2014,Sri Lanka,Corn,35906,1852.65,27.39,27.2,1.82
2015,Sri Lanka,Corn,35547,2321.39,27.35,17.12,1.51
2016,Sri Lanka,Corn,36073,1419.29,27.72,12.47,1.62
2017,Sri Lanka,Corn,37253,1675.3,27.45,8.39,1.69
2018,Sri Lanka,Corn,38090,1780.49,27.34,17.28,1.68
2019,Sri Lanka,Corn,38716,1864.93,27.68,16.66,1.64
2020,Sri Lanka,Corn,40067,1610.83,27.66,21.55,1.67
1980,India,Potatoes,121521,1082.91,24.73,7.32,0.44
1981,India,Potatoes,132104,1171.14,24.38,7.95,0.44
1982,India,Potatoes,129957,1003.34,24.39,7.12,0.44
1983,India,Potatoes,135456,1236.77,24.14,8.14,0.44
1984,India,Potatoes,152988,1055.11,24.32,10.74,0.44
1985,India,Potatoes,148064,1072.83,24.62,12.17,0.44
1986,India,Potatoes,123639,1032.17,24.41,13.11,0.44
1987,India,Potatoes,153221,985.38,24.83,10.38,0.44
1988,India,Potatoes,158694,1260.07,24.83,15.22,0.44
1989,India,Potatoes,159290,1034.04,24.27,17.6,0.44
1990,India,Potatoes,157136,1242.16,24.38,18.37,0.44
1991,India,Potatoes,162540,1033.18,24.47,19.52,0.42
1992,India,Potatoes,160294,965.08,24.35,16.73,0.42
1993,India,Potatoes,149024,1066.93,24.59,15.68,0.39
1994,India,Potatoes,166101,1156.27,24.46,17.21,0.36
1995,India,Potatoes,162720,1146.73,24.6,17.05,0.36
1996,India,Potatoes,169913,1110.1,24.66,17.57,0.33
1997,India,Potatoes,193913,1119.75,24.19,23.01,0.31
1998,India,Potatoes,146020,1187.06,24.94,24.19,0.29
1999,India,Potatoes,175712,1062.54,24.82,28.19,0.27
2000,India,Potatoes,186443,1041.99,24.71,24.77,0.26
2001,India,Potatoes,183627,1024.42,24.89,25.7,0.26
2002,India,Potatoes,194173,908.1,25.09,23.7,0.25
2003,India,Potatoes,173208,1054.2,24.86,24.33,0.24
2004,India,Potatoes,188091,1028.36,24.94,27.27,0.21
2005,India,Potatoes,188908,1114.59,24.71,30.71,0.21
2006,India,Potatoes,185920,1189.7,25.01,32.75,0.22
2007,India,Potatoes,164101,1133.78,25.02,32.61,0.16
2008,India,Potatoes,192973,1156.11,24.76,35.73,0.09
2009,India,Potatoes,188103,998.17,25.48,42.71,0.17
2010,India,Potatoes,199299,1248.69,25.42,48.43,0.24
2011,India,Potatoes,227240,1144.37,24.83,49.65,0.33
2012,India,Potatoes,217530,1065.79,24.77,39.29,0.31
2013,India,Potatoes,227606,1254.63,24.65,33.25,0.27
2014,India,Potatoes,229224,1065.13,24.79,35.99,0.33
2015,India,Potatoes,231257,1124.45,24.91,41.19,0.33
2016,India,Potatoes,205087,1118.32,25.27,39.6,0.35
2017,India,Potatoes,223061,1157.12,25.16,40.58,0.38
2018,India,Potatoes,239542,1018.85,25.01,41.28,0.35
2019,India,Potatoes,230971,1320.91,24.95,44.26,0.37
2020,India,Potatoes,237720,1231.95,24.8,53.23,0.37
1980,India,Rice,20002,1082.91,24.73,7.32,0.44
1981,India,Rice,19623,1171.14,24.38,7.95,0.44
1982,India,Rice,18497,1003.34,24.39,7.12,0.44
1983,India,Rice,21833,1236.77,24.14,8.14,0.44
1984,India,Rice,21272,1055.11,24.32,10.74,0.44
1985,India,Rice,23292,1072.83,24.62,12.17,0.44
1986,India,Rice,22052,1032.17,24.41,13.11,0.44
1987,India,Rice,21991,985.38,24.83,10.38,0.44
1988,India,Rice,25486,1260.07,24.83,15.22,0.44
1989,India,Rice,26160,1034.04,24.27,17.6,0.44
1990,India,Rice,26125,1242.16,24.38,18.37,0.44
1991,India,Rice,26271,1033.18,24.47,19.52,0.42
1992,India,Rice,26092,965.08,24.35,16.73,0.42
1993,India,Rice,28303,1066.93,24.59,15.68,0.39
1994,India,Rice,28645,1156.27,24.46,17.21,0.36
1995,India,Rice,26972,1146.73,24.6,17.05,0.36
1996,India,Rice,28226,1110.1,24.66,17.57,0.33
1997,India,Rice,28457,1119.75,24.19,23.01,0.31
1998,India,Rice,28805,1187.06,24.94,24.19,0.29
1999,India,Rice,29782,1062.54,24.82,28.19,0.27
2000,India,Rice,28508,1041.99,24.71,24.77,0.26
2001,India,Rice,31158,1024.42,24.89,25.7,0.26
2002,India,Rice,26163,908.1,25.09,23.7,0.25
2003,India,Rice,31177,1054.2,24.86,24.33,0.24
2004,India,Rice,29756,1028.36,24.94,27.27,0.21
2005,India,Rice,31537,1114.59,24.71,30.71,0.21
2006,India,Rice,31759,1189.7,25.01,32.75,0.22
2007,India,Rice,32924,1133.78,25.02,32.61,0.16
2008,India,Rice,32509,1156.11,24.76,35.73,0.09
2009,India,Rice,32366,998.17,25.48,42.71,0.17
2010,India,Rice,33587,1248.69,25.42,48.43,0.24
2011,India,Rice,35878,1144.37,24.83,49.65,0.33
2012,India,Rice,36909,1065.79,24.77,39.29,0.31
2013,India,Rice,36070,1254.63,24.65,33.25,0.27
2014,India,Rice,35638,1065.13,24.79,35.99,0.33
2015,India,Rice,36077,1124.45,24.91,41.19,0.33
2016,India,Rice,37902,1118.32,25.27,39.6,0.35
2017,India,Rice,38493,1157.12,25.16,40.58,0.38
2018,India,Rice,39568,1018.85,25.01,41.28,0.35
2019,India,Rice,40577,1320.91,24.95,44.26,0.37
2020,India,Rice,39623,1231.95,24.8,53.23,0.37
1980,India,Soya Beans,7270,1082.91,24.73,7.32,0.44
1981,India,Soya Beans,7411,1171.14,24.38,7.95,0.44
1982,India,Soya Beans,6377,1003.34,24.39,7.12,0.44
1983,India,Soya Beans,7348,1236.77,24.14,8.14,0.44
1984,India,Soya Beans,7683,1055.11,24.32,10.74,0.44
1985,India,Soya Beans,7644,1072.83,24.62,12.17,0.44
1986,India,Soya Beans,5838,1032.17,24.41,13.11,0.44
1987,India,Soya Beans,5823,985.38,24.83,10.38,0.44
1988,India,Soya Beans,8922,1260.07,24.83,15.22,0.44
1989,India,Soya Beans,8014,1034.04,24.27,17.6,0.44
1990,India,Soya Beans,10145,1242.16,24.38,18.37,0.44
1991,India,Soya Beans,7825,1033.18,24.47,19.52,0.42
1992,India,Soya Beans,8947,965.08,24.35,16.73,0.42
1993,India,Soya Beans,10857,1066.93,24.59,15.68,0.39
1994,India,Soya Beans,9106,1156.27,24.46,17.21,0.36
1995,India,Soya Beans,10121,1146.73,24.6,17.05,0.36
1996,India,Soya Beans,10319,1110.1,24.66,17.57,0.33
1997,India,Soya Beans,10789,1119.75,24.19,23.01,0.31
1998,India,Soya Beans,11001,1187.06,24.94,24.19,0.29
1999,India,Soya Beans,11380,1062.54,24.82,28.19,0.27
2000,India,Soya Beans,8222,1041.99,24.71,24.77,0.26
2001,India,Soya Beans,9400,1024.42,24.89,25.7,0.26
2002,India,Soya Beans,7624,908.1,25.09,23.7,0.25
2003,India,Soya Beans,11929,1054.2,24.86,24.33,0.24
2004,India,Soya Beans,9082,1028.36,24.94,27.27,0.21
2005,India,Soya Beans,10734,1114.59,24.71,30.71,0.21
2006,India,Soya Beans,10628,1189.7,25.01,32.75,0.22
2007,India,Soya Beans,12351,1133.78,25.02,32.61,0.16
2008,India,Soya Beans,10415,1156.11,24.76,35.73,0.09
2009,India,Soya Beans,10236,998.17,25.48,42.71,0.17
2010,India,Soya Beans,13330,1248.69,25.42,48.43,0.24
2011,India,Soya Beans,11998,1144.37,24.83,49.65,0.33
2012,India,Soya Beans,13530,1065.79,24.77,39.29,0.31
2013,India,Soya Beans,10123,1254.63,24.65,33.25,0.27
2014,India,Soya Beans,9358,1065.13,24.79,35.99,0.33
2015,India,Soya Beans,7344,1124.45,24.91,41.19,0.33
2016,India,Soya Beans,11770,1118.32,25.27,39.6,0.35
2017,India,Soya Beans,11766,1157.12,25.16,40.58,0.38
2018,India,Soya Beans,10585,1018.85,25.01,41.28,0.35
2019,India,Soya Beans,11919,1320.91,24.95,44.26,0.37
2020,India,Soya Beans,9278,1231.95,24.8,53.23,0.37
1980,India,Sugar Cane,493577,1082.91,24.73,7.32,0.44
1981,India,Sugar Cane,578444,1171.14,24.38,7.95,0.44
1982,India,Sugar Cane,583589,1003.34,24.39,7.12,0.44
1983,India,Sugar Cane,564408,1236.77,24.14,8.14,0.44
1984,India,Sugar Cane,559784,1055.11,24.32,10.74,0.44
1985,India,Sugar Cane,576728,1072.83,24.62,12.17,0.44
1986,India,Sugar Cane,599864,1032.17,24.41,13.11,0.44
1987,India,Sugar Cane,604442,985.38,24.83,10.38,0.44
1988,India,Sugar Cane,600064,1260.07,24.83,15.22,0.44
1989,India,Sugar Cane,609922,1034.04,24.27,17.6,0.44
1990,India,Sugar Cane,655915,1242.16,24.38,18.37,0.44
1991,India,Sugar Cane,653949,1033.18,24.47,19.52,0.42
1992,India,Sugar Cane,661458,965.08,24.35,16.73,0.42
1993,India,Sugar Cane,638739,1066.93,24.59,15.68,0.39
1994,India,Sugar Cane,671550,1156.27,24.46,17.21,0.36
1995,India,Sugar Cane,711990,1146.73,24.6,17.05,0.36
1996,India,Sugar Cane,677349,1110.1,24.66,17.57,0.33
1997,India,Sugar Cane,664958,1119.75,24.19,23.01,0.31
1998,India,Sugar Cane,711338,1187.06,24.94,24.19,0.29
1999,India,Sugar Cane,765328,1062.54,24.82,28.19,0.27
2000,India,Sugar Cane,709349,1041.99,24.71,24.77,0.26
2001,India,Sugar Cane,685766,1024.42,24.89,25.7,0.26
2002,India,Sugar Cane,673696,908.1,25.09,23.7,0.25
2003,India,Sugar Cane,635761,1054.2,24.86,24.33,0.24
2004,India,Sugar Cane,593799,1028.36,24.94,27.27,0.21
2005,India,Sugar Cane,647517,1114.59,24.71,30.71,0.21
2006,India,Sugar Cane,669281,1189.7,25.01,32.75,0.22
2007,India,Sugar Cane,690330,1133.78,25.02,32.61,0.16
2008,India,Sugar Cane,688772,1156.11,24.76,35.73,0.09
2009,India,Sugar Cane,645535,998.17,25.48,42.71,0.17
2010,India,Sugar Cane,700191,1248.69,25.42,48.43,0.24
2011,India,Sugar Cane,692466,1144.37,24.83,49.65,0.33
2012,India,Sugar Cane,716343,1065.79,24.77,39.29,0.31
2013,India,Sugar Cane,682400,1254.63,24.65,33.25,0.27
2014,India,Sugar Cane,705695,1065.13,24.79,35.99,0.33
2015,India,Sugar Cane,714661,1124.45,24.91,41.19,0.33
2016,India,Sugar Cane,703935,1118.32,25.27,39.6,0.35
2017,India,Sugar Cane,690014,1157.12,25.16,40.58,0.38
2018,India,Sugar Cane,801984,1018.85,25.01,41.28,0.35
2019,India,Sugar Cane,801045,1320.91,24.95,44.26,0.37
2020,India,Sugar Cane,773471,1231.95,24.8,53.23,0.37
1980,India,Corn,11586,1082.91,24.73,7.32,0.44
1981,India,Corn,11622,1171.14,24.38,7.95,0.44
1982,India,Corn,11448,1003.34,24.39,7.12,0.44
1983,India,Corn,13521,1236.77,24.14,8.14,0.44
1984,India,Corn,14556,1055.11,24.32,10.74,0.44
1985,India,Corn,11460,1072.83,24.62,12.17,0.44
1986,India,Corn,12819,1032.17,24.41,13.11,0.44
1987,India,Corn,10288,985.38,24.83,10.38,0.44
1988,India,Corn,13955,1260.07,24.83,15.22,0.44
1989,India,Corn,16316,1034.04,24.27,17.6,0.44
1990,India,Corn,15178,1242.16,24.38,18.37,0.44
1991,India,Corn,13763,1033.18,24.47,19.52,0.42
1992,India,Corn,16758,965.08,24.35,16.73,0.42
1993,India,Corn,16015,1066.93,24.59,15.68,0.39
1994,India,Corn,14480,1156.27,24.46,17.21,0.36
1995,India,Corn,15946,1146.73,24.6,17.05,0.36
1996,India,Corn,17094,1110.1,24.66,17.57,0.33
1997,India,Corn,17111,1119.75,24.19,23.01,0.31
1998,India,Corn,17969,1187.06,24.94,24.19,0.29
1999,India,Corn,17922,1062.54,24.82,28.19,0.27
2000,India,Corn,18216,1041.99,24.71,24.77,0.26
2001,India,Corn,19996,1024.42,24.89,25.7,0.26
2002,India,Corn,16807,908.1,25.09,23.7,0.25
2003,India,Corn,20405,1054.2,24.86,24.33,0.24
2004,India,Corn,19073,1028.36,24.94,27.27,0.21
2005,India,Corn,19385,1114.59,24.71,30.71,0.21
2006,India,Corn,19125,1189.7,25.01,32.75,0.22
2007,India,Corn,23352,1133.78,25.02,32.61,0.16
2008,India,Corn,24140,1156.11,24.76,35.73,0.09
2009,India,Corn,20238,998.17,25.48,42.71,0.17
2010,India,Corn,25401,1248.69,25.42,48.43,0.24
2011,India,Corn,24784,1144.37,24.83,49.65,0.33
2012,India,Corn,25557,1065.79,24.77,39.29,0.31
2013,India,Corn,25726,1254.63,24.65,33.25,0.27
2014,India,Corn,26107,1065.13,24.79,35.99,0.33
2015,India,Corn,25972,1124.45,24.91,41.19,0.33
2016,India,Corn,26162,1118.32,25.27,39.6,0.35
2017,India,Corn,26886,1157.12,25.16,40.58,0.38
2018,India,Corn,30653,1018.85,25.01,41.28,0.35
2019,India,Corn,30702,1320.91,24.95,44.26,0.37
2020,India,Corn,30573,1231.95,24.8,53.23,0.37
1980,Pakistan,Potatoes,104545,284.71,20.78,6.99,0.18
1981,Pakistan,Potatoes,103763,313.13,20.62,7.16,0.18
1982,Pakistan,Potatoes,105291,342.75,19.94,7.92,0.18
1983,Pakistan,Potatoes,100528,358.51,20.04,8.32,0.18
1984,Pakistan,Potatoes,102815,273.45,20.31,9.04,0.18
1985,Pakistan,Potatoes,99668,242.27,20.65,10.89,0.18
1986,Pakistan,Potatoes,98245,338.65,20.01,13.4,0.18
1987,Pakistan,Potatoes,98149,227.87,20.82,12.42,0.18
1988,Pakistan,Potatoes,96911,318.62,21.24,12.86,0.18
1989,Pakistan,Potatoes,100908,309.3,20.06,12.39,0.18
1990,Pakistan,Potatoes,104002,344.23,20.8,12.86,0.18
1991,Pakistan,Potatoes,104452,247.91,20.35,13.15,0.2
1992,Pakistan,Potatoes,113709,340.28,20.12,16.05,0.18
1993,Pakistan,Potatoes,122809,225.06,20.82,15.1,0.16
1994,Pakistan,Potatoes,133171,378.66,20.55,13.93,0.2
1995,Pakistan,Potatoes,139418,339.53,20.35,15.94,0.25
1996,Pakistan,Potatoes,134795,322.89,20.26,13.46,0.38
1997,Pakistan,Potatoes,112295,332.26,19.82,17.41,0.53
1998,Pakistan,Potatoes,136186,271.88,20.89,14.64,0.58
1999,Pakistan,Potatoes,165413,224.3,21.32,18.79,0.64
2000,Pakistan,Potatoes,169078,203.38,21.07,21.3,0.88
2001,Pakistan,Potatoes,164180,236.45,21.2,20.08,0.37
2002,Pakistan,Potatoes,164486,207.8,21.24,20.3,0.37
2003,Pakistan,Potatoes,168028,362.77,20.77,21.02,0.37
2004,Pakistan,Potatoes,176673,243.29,21.45,24.51,0.38
2005,Pakistan,Potatoes,180795,312.84,20.59,28.14,0.38
2006,Pakistan,Potatoes,133447,354.59,21.28,29.12,0.38
2007,Pakistan,Potatoes,193516,302.41,21.25,26.31,0.38
2008,Pakistan,Potatoes,164550,322.99,21.14,18.66,0.39
2009,Pakistan,Potatoes,202848,274.01,21.55,25.72,0.39
2010,Pakistan,Potatoes,226823,388.31,21.62,25.02,0.39
2011,Pakistan,Potatoes,219196,310.92,21.31,21.11,0.38
2012,Pakistan,Potatoes,183405,256.43,20.72,21.85,0.38
2013,Pakistan,Potatoes,218059,333.67,21.33,27.99,0.38
2014,Pakistan,Potatoes,181506,240.59,20.97,29.95,0.38
2015,Pakistan,Potatoes,234439,387.18,21.17,31.84,0.38
2016,Pakistan,Potatoes,224346,281.02,21.79,38.03,0.37
2017,Pakistan,Potatoes,214503,268.3,21.55,39.3,0.37
2018,Pakistan,Potatoes,236699,187.52,21.87,39.36,0.37
2019,Pakistan,Potatoes,248874,359,20.99,35.11,0.38
2020,Pakistan,Potatoes,245612,392.53,20.81,37.96,0.37
1980,Pakistan,Rice,24235,284.71,20.78,6.99,0.18
1981,Pakistan,Rice,26035,313.13,20.62,7.16,0.18
1982,Pakistan,Rice,26121,342.75,19.94,7.92,0.18
1983,Pakistan,Rice,25065,358.51,20.04,8.32,0.18
1984,Pakistan,Rice,24883,273.45,20.31,9.04,0.18
1985,Pakistan,Rice,23499,242.27,20.65,10.89,0.18
1986,Pakistan,Rice,25320,338.65,20.01,13.4,0.18
1987,Pakistan,Rice,24765,227.87,20.82,12.42,0.18
1988,Pakistan,Rice,23511,318.62,21.24,12.86,0.18
1989,Pakistan,Rice,22925,309.3,20.06,12.39,0.18
1990,Pakistan,Rice,23151,344.23,20.8,12.86,0.18
1991,Pakistan,Rice,23199,247.91,20.35,13.15,0.2
1992,Pakistan,Rice,23686,340.28,20.12,16.05,0.18
1993,Pakistan,Rice,27397,225.06,20.82,15.1,0.16
1994,Pakistan,Rice,24333,378.66,20.55,13.93,0.2
1995,Pakistan,Rice,27522,339.53,20.35,15.94,0.25
1996,Pakistan,Rice,28685,322.89,20.26,13.46,0.38
1997,Pakistan,Rice,28048,332.26,19.82,17.41,0.53
1998,Pakistan,Rice,28930,271.88,20.89,14.64,0.58
1999,Pakistan,Rice,30744,224.3,21.32,18.79,0.64
2000,Pakistan,Rice,30312,203.38,21.07,21.3,0.88
2001,Pakistan,Rice,27542,236.45,21.2,20.08,0.37
2002,Pakistan,Rice,30192,207.8,21.24,20.3,0.37
2003,Pakistan,Rice,29551,362.77,20.77,21.02,0.37
2004,Pakistan,Rice,29914,243.29,21.45,24.51,0.38
2005,Pakistan,Rice,31742,312.84,20.59,28.14,0.38
2006,Pakistan,Rice,31604,354.59,21.28,29.12,0.38
2007,Pakistan,Rice,33176,302.41,21.25,26.31,0.38
2008,Pakistan,Rice,35199,322.99,21.14,18.66,0.39
2009,Pakistan,Rice,35809,274.01,21.55,25.72,0.39
2010,Pakistan,Rice,30588,388.31,21.62,25.02,0.39
2011,Pakistan,Rice,35939,310.92,21.31,21.11,0.38
2012,Pakistan,Rice,35966,256.43,20.72,21.85,0.38
2013,Pakistan,Rice,37528,333.67,21.33,27.99,0.38
2014,Pakistan,Rice,36339,240.59,20.97,29.95,0.38
2015,Pakistan,Rice,37240,387.18,21.17,31.84,0.38
2016,Pakistan,Rice,37716,281.02,21.79,38.03,0.37
2017,Pakistan,Rice,38526,268.3,21.55,39.3,0.37
2018,Pakistan,Rice,25629,187.52,21.87,39.36,0.37
2019,Pakistan,Rice,24436,359,20.99,35.11,0.38
2020,Pakistan,Rice,25244,392.53,20.81,37.96,0.37
1980,Pakistan,Soya Beans,3776,284.71,20.78,6.99,0.18
1981,Pakistan,Soya Beans,4244,313.13,20.62,7.16,0.18
1982,Pakistan,Soya Beans,4159,342.75,19.94,7.92,0.18
1983,Pakistan,Soya Beans,3292,358.51,20.04,8.32,0.18
1984,Pakistan,Soya Beans,3518,273.45,20.31,9.04,0.18
1985,Pakistan,Soya Beans,3594,242.27,20.65,10.89,0.18
1986,Pakistan,Soya Beans,4747,338.65,20.01,13.4,0.18
1987,Pakistan,Soya Beans,6313,227.87,20.82,12.42,0.18
1988,Pakistan,Soya Beans,5533,318.62,21.24,12.86,0.18
1989,Pakistan,Soya Beans,5152,309.3,20.06,12.39,0.18
1990,Pakistan,Soya Beans,5679,344.23,20.8,12.86,0.18
1991,Pakistan,Soya Beans,4992,247.91,20.35,13.15,0.2
1992,Pakistan,Soya Beans,6051,340.28,20.12,16.05,0.18
1993,Pakistan,Soya Beans,5681,225.06,20.82,15.1,0.16
1994,Pakistan,Soya Beans,8011,378.66,20.55,13.93,0.2
1995,Pakistan,Soya Beans,12021,339.53,20.35,15.94,0.25
1996,Pakistan,Soya Beans,12636,322.89,20.26,13.46,0.38
1997,Pakistan,Soya Beans,12942,332.26,19.82,17.41,0.53
1998,Pakistan,Soya Beans,12959,271.88,20.89,14.64,0.58
1999,Pakistan,Soya Beans,15078,224.3,21.32,18.79,0.64
2000,Pakistan,Soya Beans,12160,203.38,21.07,21.3,0.88
2001,Pakistan,Soya Beans,11134,236.45,21.2,20.08,0.37
2002,Pakistan,Soya Beans,12647,207.8,21.24,20.3,0.37
2003,Pakistan,Soya Beans,11818,362.77,20.77,21.02,0.37
2004,Pakistan,Soya Beans,12450,243.29,21.45,24.51,0.38
2005,Pakistan,Soya Beans,12000,312.84,20.59,28.14,0.38
2006,Pakistan,Soya Beans,11287,354.59,21.28,29.12,0.38
2007,Pakistan,Soya Beans,5818,302.41,21.25,26.31,0.38
2008,Pakistan,Soya Beans,5918,322.99,21.14,18.66,0.39
2009,Pakistan,Soya Beans,6078,274.01,21.55,25.72,0.39
2010,Pakistan,Soya Beans,5730,388.31,21.62,25.02,0.39
2011,Pakistan,Soya Beans,6953,310.92,21.31,21.11,0.38
2012,Pakistan,Soya Beans,7901,256.43,20.72,21.85,0.38
2013,Pakistan,Soya Beans,7222,333.67,21.33,27.99,0.38
2014,Pakistan,Soya Beans,7500,240.59,20.97,29.95,0.38
2015,Pakistan,Soya Beans,5366,387.18,21.17,31.84,0.38
2016,Pakistan,Soya Beans,8511,281.02,21.79,38.03,0.37
2017,Pakistan,Soya Beans,7308,268.3,21.55,39.3,0.37
2018,Pakistan,Soya Beans,10370,187.52,21.87,39.36,0.37
2019,Pakistan,Soya Beans,8824,359,20.99,35.11,0.38
2020,Pakistan,Soya Beans,14340,392.53,20.81,37.96,0.37
1980,Pakistan,Sugar Cane,382710,284.71,20.78,6.99,0.18
1981,Pakistan,Sugar Cane,392378,313.13,20.62,7.16,0.18
1982,Pakistan,Sugar Cane,386392,342.75,19.94,7.92,0.18
1983,Pakistan,Sugar Cane,356844,358.51,20.04,8.32,0.18
1984,Pakistan,Sugar Cane,382457,273.45,20.31,9.04,0.18
1985,Pakistan,Sugar Cane,355684,242.27,20.65,10.89,0.18
1986,Pakistan,Sugar Cane,357224,338.65,20.01,13.4,0.18
1987,Pakistan,Sugar Cane,572283,227.87,20.82,12.42,0.18
1988,Pakistan,Sugar Cane,392452,318.62,21.24,12.86,0.18
1989,Pakistan,Sugar Cane,421664,309.3,20.06,12.39,0.18
1990,Pakistan,Sugar Cane,415470,344.23,20.8,12.86,0.18
1991,Pakistan,Sugar Cane,407204,247.91,20.35,13.15,0.2
1992,Pakistan,Sugar Cane,433712,340.28,20.12,16.05,0.18
1993,Pakistan,Sugar Cane,430238,225.06,20.82,15.1,0.16
1994,Pakistan,Sugar Cane,461435,378.66,20.55,13.93,0.2
1995,Pakistan,Sugar Cane,467477,339.53,20.35,15.94,0.25
1996,Pakistan,Sugar Cane,469626,322.89,20.26,13.46,0.38
1997,Pakistan,Sugar Cane,435442,332.26,19.82,17.41,0.53
1998,Pakistan,Sugar Cane,502785,271.88,20.89,14.64,0.58
1999,Pakistan,Sugar Cane,477804,224.3,21.32,18.79,0.64
2000,Pakistan,Sugar Cane,458829,203.38,21.07,21.3,0.88
2001,Pakistan,Sugar Cane,453854,236.45,21.2,20.08,0.37
2002,Pakistan,Sugar Cane,480560,207.8,21.24,20.3,0.37
2003,Pakistan,Sugar Cane,473407,362.77,20.77,21.02,0.37
2004,Pakistan,Sugar Cane,500884,243.29,21.45,24.51,0.38
2005,Pakistan,Sugar Cane,488867,312.84,20.59,28.14,0.38
2006,Pakistan,Sugar Cane,492290,354.59,21.28,29.12,0.38
2007,Pakistan,Sugar Cane,532092,302.41,21.25,26.31,0.38
2008,Pakistan,Sugar Cane,514944,322.99,21.14,18.66,0.39
2009,Pakistan,Sugar Cane,486161,274.01,21.55,25.72,0.39
2010,Pakistan,Sugar Cane,523684,388.31,21.62,25.02,0.39
2011,Pakistan,Sugar Cane,559973,310.92,21.31,21.11,0.38
2012,Pakistan,Sugar Cane,552165,256.43,20.72,21.85,0.38
2013,Pakistan,Sugar Cane,575425,333.67,21.33,27.99,0.38
2014,Pakistan,Sugar Cane,550872,240.59,20.97,29.95,0.38
2015,Pakistan,Sugar Cane,578734,387.18,21.17,31.84,0.38
2016,Pakistan,Sugar Cane,619973,281.02,21.79,38.03,0.37
2017,Pakistan,Sugar Cane,621061,268.3,21.55,39.3,0.37
2018,Pakistan,Sugar Cane,609594,187.52,21.87,39.36,0.37
2019,Pakistan,Sugar Cane,638407,359,20.99,35.11,0.38
2020,Pakistan,Sugar Cane,695341,392.53,20.81,37.96,0.37
1980,Pakistan,Corn,12619,284.71,20.78,6.99,0.18
1981,Pakistan,Corn,12588,313.13,20.62,7.16,0.18
1982,Pakistan,Corn,12730,342.75,19.94,7.92,0.18
1983,Pakistan,Corn,12701,358.51,20.04,8.32,0.18
1984,Pakistan,Corn,12705,273.45,20.31,9.04,0.18
1985,Pakistan,Corn,12556,242.27,20.65,10.89,0.18
1986,Pakistan,Corn,13614,338.65,20.01,13.4,0.18
1987,Pakistan,Corn,13197,227.87,20.82,12.42,0.18
1988,Pakistan,Corn,13907,318.62,21.24,12.86,0.18
1989,Pakistan,Corn,13667,309.3,20.06,12.39,0.18
1990,Pakistan,Corn,14014,344.23,20.8,12.86,0.18
1991,Pakistan,Corn,14235,247.91,20.35,13.15,0.2
1992,Pakistan,Corn,13966,340.28,20.12,16.05,0.18
1993,Pakistan,Corn,13983,225.06,20.82,15.1,0.16
1994,Pakistan,Corn,15004,378.66,20.55,13.93,0.2
1995,Pakistan,Corn,16908,339.53,20.35,15.94,0.25
1996,Pakistan,Corn,15884,322.89,20.26,13.46,0.38
1997,Pakistan,Corn,16352,332.26,19.82,17.41,0.53
1998,Pakistan,Corn,17853,271.88,20.89,14.64,0.58
1999,Pakistan,Corn,17169,224.3,21.32,18.79,0.64
2000,Pakistan,Corn,17086,203.38,21.07,21.3,0.88
2001,Pakistan,Corn,17631,236.45,21.2,20.08,0.37
2002,Pakistan,Corn,18448,207.8,21.24,20.3,0.37
2003,Pakistan,Corn,20034,362.77,20.77,21.02,0.37
2004,Pakistan,Corn,28488,243.29,21.45,24.51,0.38
2005,Pakistan,Corn,29843,312.84,20.59,28.14,0.38
2006,Pakistan,Corn,30368,354.59,21.28,29.12,0.38
2007,Pakistan,Corn,34265,302.41,21.25,26.31,0.38
2008,Pakistan,Corn,34154,322.99,21.14,18.66,0.39
2009,Pakistan,Corn,34879,274.01,21.55,25.72,0.39
2010,Pakistan,Corn,38052,388.31,21.62,25.02,0.39
2011,Pakistan,Corn,39897,310.92,21.31,21.11,0.38
2012,Pakistan,Corn,39830,256.43,20.72,21.85,0.38
2013,Pakistan,Corn,42313,333.67,21.33,27.99,0.38
2014,Pakistan,Corn,43211,240.59,20.97,29.95,0.38
2015,Pakistan,Corn,44248,387.18,21.17,31.84,0.38
2016,Pakistan,Corn,45491,281.02,21.79,38.03,0.37
2017,Pakistan,Corn,47182,268.3,21.55,39.3,0.37
2018,Pakistan,Corn,49685,187.52,21.87,39.36,0.37
2019,Pakistan,Corn,56141,359,20.99,35.11,0.38
2020,Pakistan,Corn,59703,392.53,20.81,37.96,0.37
1980,Bangladesh,Potatoes,95056,2161.58,25.58,12.79,0.13
1981,Bangladesh,Potatoes,97810,2499.24,25.21,12.81,0.13
1982,Bangladesh,Potatoes,101718,2092.95,25.37,13.48,0.13
1983,Bangladesh,Potatoes,102748,2630.93,25.38,17.16,0.13
1984,Bangladesh,Potatoes,104151,2844.49,25.41,16.46,0.13
1985,Bangladesh,Potatoes,104186,2189.24,25.69,14.52,0.13
1986,Bangladesh,Potatoes,101724,2357.7,25.57,16.31,0.13
1987,Bangladesh,Potatoes,100535,2580.55,25.9,18.86,0.13
1988,Bangladesh,Potatoes,103381,2673.07,25.95,19.47,0.13
1989,Bangladesh,Potatoes,97860,1944.68,25.6,22.46,0.13
1990,Bangladesh,Potatoes,91410,2526.8,25.58,24.15,0.13
1991,Bangladesh,Potatoes,99868,2563.9,25.25,22.28,0.13
1992,Bangladesh,Potatoes,107931,1708.59,25.09,23.69,0.16
1993,Bangladesh,Potatoes,106787,2600.67,25.08,16.93,0.17
1994,Bangladesh,Potatoes,109570,1758.22,25.48,17.52,0.18
1995,Bangladesh,Potatoes,111665,2303.87,25.75,18.01,0.19
1996,Bangladesh,Potatoes,112741,2103.97,25.65,13.46,0.22
1997,Bangladesh,Potatoes,112551,2137.65,25.22,13.33,0.23
1998,Bangladesh,Potatoes,113972,2493.47,25.92,18.27,0.23
1999,Bangladesh,Potatoes,112810,2498.54,26.1,23.34,0.28
2000,Bangladesh,Potatoes,120591,2332.39,25.28,28.45,0.36
2001,Bangladesh,Potatoes,129163,2251.5,26.01,28.28,0.38
2002,Bangladesh,Potatoes,126010,2285.7,25.77,36.76,0.48
2003,Bangladesh,Potatoes,138021,2139.97,25.74,22.95,0.63
2004,Bangladesh,Potatoes,144313,2210.38,25.81,31.28,0.8
2005,Bangladesh,Potatoes,148805,1980.05,26,37.51,0.93
2006,Bangladesh,Potatoes,143848,1880.04,26.34,34.4,1.08
2007,Bangladesh,Potatoes,149768,2432.2,26.06,29.55,1.26
2008,Bangladesh,Potatoes,165373,2143.17,25.84,12.68,1.43
2009,Bangladesh,Potatoes,133367,1945.63,26.58,19.69,1.59
2010,Bangladesh,Potatoes,182299,2195.64,26.47,34.27,1.53
2011,Bangladesh,Potatoes,180931,1932.64,25.84,46.87,1.74
2012,Bangladesh,Potatoes,190627,1941.19,25.35,58.67,1.56
2013,Bangladesh,Potatoes,193790,1984.83,25.28,57.67,1.77
2014,Bangladesh,Potatoes,193845,1767.21,25.57,64.82,1.82
2015,Bangladesh,Potatoes,196476,2472.81,25.42,68.76,1.51
2016,Bangladesh,Potatoes,199250,2067.81,25.87,71.72,1.62
2017,Bangladesh,Potatoes,204432,2664.2,25.65,71.82,1.69
2018,Bangladesh,Potatoes,204106,1763.89,25.25,78.9,1.68
2019,Bangladesh,Potatoes,206131,1979.05,25.6,82.25,1.64
2020,Bangladesh,Potatoes,208215,2423.84,25.38,80.32,1.67
1980,Bangladesh,Rice,20197,2161.58,25.58,12.79,0.13
1981,Bangladesh,Rice,19545,2499.24,25.21,12.81,0.13
1982,Bangladesh,Rice,20145,2092.95,25.37,13.48,0.13
1983,Bangladesh,Rice,22345,2630.93,25.38,17.16,0.13
1984,Bangladesh,Rice,21454,2844.49,25.41,16.46,0.13
1985,Bangladesh,Rice,21693,2189.24,25.69,14.52,0.13
1986,Bangladesh,Rice,21783,2357.7,25.57,16.31,0.13
1987,Bangladesh,Rice,22399,2580.55,25.9,18.86,0.13
1988,Bangladesh,Rice,22805,2673.07,25.95,19.47,0.13
1989,Bangladesh,Rice,25562,1944.68,25.6,22.46,0.13
1990,Bangladesh,Rice,25661,2526.8,25.58,24.15,0.13
1991,Bangladesh,Rice,26592,2563.9,25.25,22.28,0.13
1992,Bangladesh,Rice,26893,1708.59,25.09,23.69,0.16
1993,Bangladesh,Rice,27185,2600.67,25.08,16.93,0.17
1994,Bangladesh,Rice,25328,1758.22,25.48,17.52,0.18
1995,Bangladesh,Rice,26527,2303.87,25.75,18.01,0.19
1996,Bangladesh,Rice,27629,2103.97,25.65,13.46,0.22
1997,Bangladesh,Rice,27431,2137.65,25.22,13.33,0.23
1998,Bangladesh,Rice,29358,2493.47,25.92,18.27,0.23
1999,Bangladesh,Rice,32139,2498.54,26.1,23.34,0.28
2000,Bangladesh,Rice,34836,2332.39,25.28,28.45,0.36
2001,Bangladesh,Rice,34020,2251.5,26.01,28.28,0.38
2002,Bangladesh,Rice,34902,2285.7,25.77,36.76,0.48
2003,Bangladesh,Rice,35768,2139.97,25.74,22.95,0.63
2004,Bangladesh,Rice,35359,2210.38,25.81,31.28,0.8
2005,Bangladesh,Rice,37814,1980.05,26,37.51,0.93
2006,Bangladesh,Rice,38541,1880.04,26.34,34.4,1.08
2007,Bangladesh,Rice,40833,2432.2,26.06,29.55,1.26
2008,Bangladesh,Rice,41441,2143.17,25.84,12.68,1.43
2009,Bangladesh,Rice,42404,1945.63,26.58,19.69,1.59
2010,Bangladesh,Rice,43422,2195.64,26.47,34.27,1.53
2011,Bangladesh,Rice,43917,1932.64,25.84,46.87,1.74
2012,Bangladesh,Rice,44206,1941.19,25.35,58.67,1.56
2013,Bangladesh,Rice,45317,1984.83,25.28,57.67,1.77
2014,Bangladesh,Rice,45382,1767.21,25.57,64.82,1.82
2015,Bangladesh,Rice,45518,2472.81,25.42,68.76,1.51
2016,Bangladesh,Rice,45863,2067.81,25.87,71.72,1.62
2017,Bangladesh,Rice,46619,2664.2,25.65,71.82,1.69
2018,Bangladesh,Rice,47257,1763.89,25.25,78.9,1.68
2019,Bangladesh,Rice,47402,1979.05,25.6,82.25,1.64
2020,Bangladesh,Rice,48088,2423.84,25.38,80.32,1.67
1980,Bangladesh,Soya Beans,,2161.58,25.58,12.79,0.13
1981,Bangladesh,Soya Beans,,2499.24,25.21,12.81,0.13
1982,Bangladesh,Soya Beans,,2092.95,25.37,13.48,0.13
1983,Bangladesh,Soya Beans,,2630.93,25.38,17.16,0.13
1984,Bangladesh,Soya Beans,,2844.49,25.41,16.46,0.13
1985,Bangladesh,Soya Beans,,2189.24,25.69,14.52,0.13
1986,Bangladesh,Soya Beans,,2357.7,25.57,16.31,0.13
1987,Bangladesh,Soya Beans,,2580.55,25.9,18.86,0.13
1988,Bangladesh,Soya Beans,,2673.07,25.95,19.47,0.13
1989,Bangladesh,Soya Beans,,1944.68,25.6,22.46,0.13
1990,Bangladesh,Soya Beans,,2526.8,25.58,24.15,0.13
1991,Bangladesh,Soya Beans,,2563.9,25.25,22.28,0.13
1992,Bangladesh,Soya Beans,,1708.59,25.09,23.69,0.16
1993,Bangladesh,Soya Beans,,2600.67,25.08,16.93,0.17
1994,Bangladesh,Soya Beans,,1758.22,25.48,17.52,0.18
1995,Bangladesh,Soya Beans,,2303.87,25.75,18.01,0.19
1996,Bangladesh,Soya Beans,,2103.97,25.65,13.46,0.22
1997,Bangladesh,Soya Beans,,2137.65,25.22,13.33,0.23
1998,Bangladesh,Soya Beans,,2493.47,25.92,18.27,0.23
1999,Bangladesh,Soya Beans,,2498.54,26.1,23.34,0.28
2000,Bangladesh,Soya Beans,,2332.39,25.28,28.45,0.36
2001,Bangladesh,Soya Beans,,2251.5,26.01,28.28,0.38
2002,Bangladesh,Soya Beans,,2285.7,25.77,36.76,0.48
2003,Bangladesh,Soya Beans,,2139.97,25.74,22.95,0.63
2004,Bangladesh,Soya Beans,,2210.38,25.81,31.28,0.8
2005,Bangladesh,Soya Beans,14148,1980.05,26,37.51,0.93
2006,Bangladesh,Soya Beans,15144,1880.04,26.34,34.4,1.08
2007,Bangladesh,Soya Beans,14717,2432.2,26.06,29.55,1.26
2008,Bangladesh,Soya Beans,15026,2143.17,25.84,12.68,1.43
2009,Bangladesh,Soya Beans,14660,1945.63,26.58,19.69,1.59
2010,Bangladesh,Soya Beans,17090,2195.64,26.47,34.27,1.53
2011,Bangladesh,Soya Beans,15898,1932.64,25.84,46.87,1.74
2012,Bangladesh,Soya Beans,15814,1941.19,25.35,58.67,1.56
2013,Bangladesh,Soya Beans,14729,1984.83,25.28,57.67,1.77
2014,Bangladesh,Soya Beans,18397,1767.21,25.57,64.82,1.82
2015,Bangladesh,Soya Beans,19108,2472.81,25.42,68.76,1.51
2016,Bangladesh,Soya Beans,18327,2067.81,25.87,71.72,1.62
2017,Bangladesh,Soya Beans,15416,2664.2,25.65,71.82,1.69
2018,Bangladesh,Soya Beans,16604,1763.89,25.25,78.9,1.68
2019,Bangladesh,Soya Beans,17731,1979.05,25.6,82.25,1.64
2020,Bangladesh,Soya Beans,17097,2423.84,25.38,80.32,1.67
1980,Bangladesh,Sugar Cane,441553,2161.58,25.58,12.79,0.13
1981,Bangladesh,Sugar Cane,443548,2499.24,25.21,12.81,0.13
1982,Bangladesh,Sugar Cane,443205,2092.95,25.37,13.48,0.13
1983,Bangladesh,Sugar Cane,443894,2630.93,25.38,17.16,0.13
1984,Bangladesh,Sugar Cane,430256,2844.49,25.41,16.46,0.13
1985,Bangladesh,Sugar Cane,420328,2189.24,25.69,14.52,0.13
1986,Bangladesh,Sugar Cane,414460,2357.7,25.57,16.31,0.13
1987,Bangladesh,Sugar Cane,418675,2580.55,25.9,18.86,0.13
1988,Bangladesh,Sugar Cane,415936,2673.07,25.95,19.47,0.13
1989,Bangladesh,Sugar Cane,389777,1944.68,25.6,22.46,0.13
1990,Bangladesh,Sugar Cane,398295,2526.8,25.58,24.15,0.13
1991,Bangladesh,Sugar Cane,402034,2563.9,25.25,22.28,0.13
1992,Bangladesh,Sugar Cane,397470,1708.59,25.09,23.69,0.16
1993,Bangladesh,Sugar Cane,406444,2600.67,25.08,16.93,0.17
1994,Bangladesh,Sugar Cane,393293,1758.22,25.48,17.52,0.18
1995,Bangladesh,Sugar Cane,413420,2303.87,25.75,18.01,0.19
1996,Bangladesh,Sugar Cane,410736,2103.97,25.65,13.46,0.22
1997,Bangladesh,Sugar Cane,428326,2137.65,25.22,13.33,0.23
1998,Bangladesh,Sugar Cane,421275,2493.47,25.92,18.27,0.23
1999,Bangladesh,Sugar Cane,399478,2498.54,26.1,23.34,0.28
2000,Bangladesh,Sugar Cane,405578,2332.39,25.28,28.45,0.36
2001,Bangladesh,Sugar Cane,399346,2251.5,26.01,28.28,0.38
2002,Bangladesh,Sugar Cane,399501,2285.7,25.77,36.76,0.48
2003,Bangladesh,Sugar Cane,411525,2139.97,25.74,22.95,0.63
2004,Bangladesh,Sugar Cane,396047,2210.38,25.81,31.28,0.8
2005,Bangladesh,Sugar Cane,408791,1980.05,26,37.51,0.93
2006,Bangladesh,Sugar Cane,361619,1880.04,26.34,34.4,1.08
2007,Bangladesh,Sugar Cane,384512,2432.2,26.06,29.55,1.26
2008,Bangladesh,Sugar Cane,384919,2143.17,25.84,12.68,1.43
2009,Bangladesh,Sugar Cane,414431,1945.63,26.58,19.69,1.59
2010,Bangladesh,Sugar Cane,382197,2195.64,26.47,34.27,1.53
2011,Bangladesh,Sugar Cane,402096,1932.64,25.84,46.87,1.74
2012,Bangladesh,Sugar Cane,427705,1941.19,25.35,58.67,1.56
2013,Bangladesh,Sugar Cane,405806,1984.83,25.28,57.67,1.77
2014,Bangladesh,Sugar Cane,420448,1767.21,25.57,64.82,1.82
2015,Bangladesh,Sugar Cane,425277,2472.81,25.42,68.76,1.51
2016,Bangladesh,Sugar Cane,427788,2067.81,25.87,71.72,1.62
2017,Bangladesh,Sugar Cane,419593,2664.2,25.65,71.82,1.69
2018,Bangladesh,Sugar Cane,403604,1763.89,25.25,78.9,1.68
2019,Bangladesh,Sugar Cane,387595,1979.05,25.6,82.25,1.64
2020,Bangladesh,Sugar Cane,427034,2423.84,25.38,80.32,1.67
1980,Bangladesh,Corn,7146,2161.58,25.58,12.79,0.13
1981,Bangladesh,Corn,7300,2499.24,25.21,12.81,0.13
1982,Bangladesh,Corn,7387,2092.95,25.37,13.48,0.13
1983,Bangladesh,Corn,7829,2630.93,25.38,17.16,0.13
1984,Bangladesh,Corn,8179,2844.49,25.41,16.46,0.13
1985,Bangladesh,Corn,8669,2189.24,25.69,14.52,0.13
1986,Bangladesh,Corn,9246,2357.7,25.57,16.31,0.13
1987,Bangladesh,Corn,9458,2580.55,25.9,18.86,0.13
1988,Bangladesh,Corn,9118,2673.07,25.95,19.47,0.13
1989,Bangladesh,Corn,9417,1944.68,25.6,22.46,0.13
1990,Bangladesh,Corn,10015,2526.8,25.58,24.15,0.13
1991,Bangladesh,Corn,9781,2563.9,25.25,22.28,0.13
1992,Bangladesh,Corn,9319,1708.59,25.09,23.69,0.16
1993,Bangladesh,Corn,9351,2600.67,25.08,16.93,0.17
1994,Bangladesh,Corn,9042,1758.22,25.48,17.52,0.18
1995,Bangladesh,Corn,10700,2303.87,25.75,18.01,0.19
1996,Bangladesh,Corn,10166,2103.97,25.65,13.46,0.22
1997,Bangladesh,Corn,10914,2137.65,25.22,13.33,0.23
1998,Bangladesh,Corn,7339,2493.47,25.92,18.27,0.23
1999,Bangladesh,Corn,12346,2498.54,26.1,23.34,0.28
2000,Bangladesh,Corn,20597,2332.39,25.28,28.45,0.36
2001,Bangladesh,Corn,32216,2251.5,26.01,28.28,0.38
2002,Bangladesh,Corn,40349,2285.7,25.77,36.76,0.48
2003,Bangladesh,Corn,40334,2139.97,25.74,22.95,0.63
2004,Bangladesh,Corn,48243,2210.38,25.81,31.28,0.8
2005,Bangladesh,Corn,53311,1980.05,26,37.51,0.93
2006,Bangladesh,Corn,52998,1880.04,26.34,34.4,1.08
2007,Bangladesh,Corn,59812,2432.2,26.06,29.55,1.26
2008,Bangladesh,Corn,60172,2143.17,25.84,12.68,1.43
2009,Bangladesh,Corn,56831,1945.63,26.58,19.69,1.59
2010,Bangladesh,Corn,58378,2195.64,26.47,34.27,1.53
2011,Bangladesh,Corn,61512,1932.64,25.84,46.87,1.74
2012,Bangladesh,Corn,65838,1941.19,25.35,58.67,1.56
2013,Bangladesh,Corn,65953,1984.83,25.28,57.67,1.77
2014,Bangladesh,Corn,69151,1767.21,25.57,64.82,1.82
2015,Bangladesh,Corn,69841,2472.81,25.42,68.76,1.51
2016,Bangladesh,Corn,73008,2067.81,25.87,71.72,1.62
2017,Bangladesh,Corn,77598,2664.2,25.65,71.82,1.69
2018,Bangladesh,Corn,82104,1763.89,25.25,78.9,1.68
2019,Bangladesh,Corn,80192,1979.05,25.6,82.25,1.64
2020,Bangladesh,Corn,85123,2423.84,25.38,80.32,1.67
1980,Nepal,Potatoes,54237,1283.97,13.82,2.22,0.03
1981,Nepal,Potatoes,56583,1315.85,13.48,2.19,0.03
1982,Nepal,Potatoes,61738,1169.83,13.46,3.21,0.03
1983,Nepal,Potatoes,63002,1429.04,13.17,3.64,0.03
1984,Nepal,Potatoes,65061,1354.13,13.79,4.56,0.03
1985,Nepal,Potatoes,64107,1492.51,13.99,4.74,0.03
1986,Nepal,Potatoes,50989,1301.13,13.26,5.11,0.03
1987,Nepal,Potatoes,53171,1374.21,13.73,6.5,0.03
1988,Nepal,Potatoes,70710,1378.02,14.06,6.52,0.03
1989,Nepal,Potatoes,78572,1242.11,13.52,7.15,0.03
1990,Nepal,Potatoes,80601,1400.2,13.7,8.13,0.03
1991,Nepal,Potatoes,87569,1142.66,13.58,9.65,0.03
1992,Nepal,Potatoes,85916,1032.05,13.37,9.05,0.03
1993,Nepal,Potatoes,84268,1108.64,13.8,7.15,0.03
1994,Nepal,Potatoes,87539,1146.22,13.89,10.42,0.03
1995,Nepal,Potatoes,85926,1193.23,13.97,8.87,0.03
1996,Nepal,Potatoes,84750,1226.26,14,10.36,0.03
1997,Nepal,Potatoes,89820,1424.8,13.13,11.75,0.03
1998,Nepal,Potatoes,84664,1431.14,14.26,13.25,0.04
1999,Nepal,Potatoes,92599,1483.6,14.5,12.41,0.04
2000,Nepal,Potatoes,96436,1395.23,14.02,7.37,0.05
2001,Nepal,Potatoes,101824,1344.87,14.34,9.91,0.05
2002,Nepal,Potatoes,109018,1360.19,14.31,6.25,0.05
2003,Nepal,Potatoes,109246,1352.8,14.23,2.14,0.06
2004,Nepal,Potatoes,114898,1318.15,14.43,3.68,0.06
2005,Nepal,Potatoes,118458,1075.34,14.28,2.07,0.05
2006,Nepal,Potatoes,130896,1189.39,14.73,1.66,0.05
2007,Nepal,Potatoes,126568,1216.85,14.62,0.57,0.14
2008,Nepal,Potatoes,131100,1365.08,14.22,0.1,0.15
2009,Nepal,Potatoes,133263,1081.36,14.94,4.94,0.09
2010,Nepal,Potatoes,135841,1281.92,14.97,4.34,0.14
2011,Nepal,Potatoes,137352,1652.36,14.24,9.2,0.15
2012,Nepal,Potatoes,135837,1308.71,14.13,3.98,0.18
2013,Nepal,Potatoes,136408,1334.14,14.01,14.78,0.2
2014,Nepal,Potatoes,136955,730.66,14.09,18.03,0.24
2015,Nepal,Potatoes,131259,1296.88,14.13,20.13,0.25
2016,Nepal,Potatoes,140299,1316.54,14.8,20.13,0.27
2017,Nepal,Potatoes,138631,1285.71,14.56,17.31,0.3
2018,Nepal,Potatoes,158142,1288.39,14.29,20.89,0.32
2019,Nepal,Potatoes,160464,1211.17,14.09,23.91,0.35
2020,Nepal,Potatoes,166500,1295.25,13.97,31.71,0.29
1980,Nepal,Rice,19320,1283.97,13.82,2.22,0.03
1981,Nepal,Rice,19746,1315.85,13.48,2.19,0.03
1982,Nepal,Rice,14489,1169.83,13.46,3.21,0.03
1983,Nepal,Rice,20664,1429.04,13.17,3.64,0.03
1984,Nepal,Rice,19678,1354.13,13.79,4.56,0.03
1985,Nepal,Rice,20161,1492.51,13.99,4.74,0.03
1986,Nepal,Rice,17790,1301.13,13.26,5.11,0.03
1987,Nepal,Rice,20950,1374.21,13.73,6.5,0.03
1988,Nepal,Rice,22635,1378.02,14.06,6.52,0.03
1989,Nepal,Rice,23657,1242.11,13.52,7.15,0.03
1990,Nepal,Rice,24067,1400.2,13.7,8.13,0.03
1991,Nepal,Rice,22826,1142.66,13.58,9.65,0.03
1992,Nepal,Rice,20481,1032.05,13.37,9.05,0.03
1993,Nepal,Rice,24100,1108.64,13.8,7.15,0.03
1994,Nepal,Rice,21237,1146.22,13.89,10.42,0.03
1995,Nepal,Rice,23910,1193.23,13.97,8.87,0.03
1996,Nepal,Rice,24554,1226.26,14,10.36,0.03
1997,Nepal,Rice,24170,1424.8,13.13,11.75,0.03
1998,Nepal,Rice,24434,1431.14,14.26,13.25,0.04
1999,Nepal,Rice,24722,1483.6,14.5,12.41,0.04
2000,Nepal,Rice,27028,1395.23,14.02,7.37,0.05
2001,Nepal,Rice,27454,1344.87,14.34,9.91,0.05
2002,Nepal,Rice,26754,1360.19,14.31,6.25,0.05
2003,Nepal,Rice,26753,1352.8,14.23,2.14,0.06
2004,Nepal,Rice,28573,1318.15,14.43,3.68,0.06
2005,Nepal,Rice,27825,1075.34,14.28,2.07,0.05
2006,Nepal,Rice,27166,1189.39,14.73,1.66,0.05
2007,Nepal,Rice,25570,1216.85,14.62,0.57,0.14
2008,Nepal,Rice,27750,1365.08,14.22,0.1,0.15
2009,Nepal,Rice,29074,1081.36,14.94,4.94,0.09
2010,Nepal,Rice,27164,1281.92,14.97,4.34,0.14
2011,Nepal,Rice,29805,1652.36,14.24,9.2,0.15
2012,Nepal,Rice,33120,1308.71,14.13,3.98,0.18
2013,Nepal,Rice,31709,1334.14,14.01,14.78,0.2
2014,Nepal,Rice,33942,730.66,14.09,18.03,0.24
2015,Nepal,Rice,33596,1296.88,14.13,20.13,0.25
2016,Nepal,Rice,31543,1316.54,14.8,20.13,0.27
2017,Nepal,Rice,33690,1285.71,14.56,17.31,0.3
2018,Nepal,Rice,35058,1288.39,14.29,20.89,0.32
2019,Nepal,Rice,37607,1211.17,14.09,23.91,0.35
2020,Nepal,Rice,38048,1295.25,13.97,31.71,0.29
1980,Nepal,Soya Beans,5000,1283.97,13.82,2.22,0.03
1981,Nepal,Soya Beans,5000,1315.85,13.48,2.19,0.03
1982,Nepal,Soya Beans,5000,1169.83,13.46,3.21,0.03
1983,Nepal,Soya Beans,5000,1429.04,13.17,3.64,0.03
1984,Nepal,Soya Beans,5487,1354.13,13.79,4.56,0.03
1985,Nepal,Soya Beans,5290,1492.51,13.99,4.74,0.03
1986,Nepal,Soya Beans,5294,1301.13,13.26,5.11,0.03
1987,Nepal,Soya Beans,5401,1374.21,13.73,6.5,0.03
1988,Nepal,Soya Beans,5652,1378.02,14.06,6.52,0.03
1989,Nepal,Soya Beans,6135,1242.11,13.52,7.15,0.03
1990,Nepal,Soya Beans,6215,1400.2,13.7,8.13,0.03
1991,Nepal,Soya Beans,5964,1142.66,13.58,9.65,0.03
1992,Nepal,Soya Beans,5805,1032.05,13.37,9.05,0.03
1993,Nepal,Soya Beans,5811,1108.64,13.8,7.15,0.03
1994,Nepal,Soya Beans,5855,1146.22,13.89,10.42,0.03
1995,Nepal,Soya Beans,6540,1193.23,13.97,8.87,0.03
1996,Nepal,Soya Beans,6601,1226.26,14,10.36,0.03
1997,Nepal,Soya Beans,6873,1424.8,13.13,11.75,0.03
1998,Nepal,Soya Beans,7311,1431.14,14.26,13.25,0.04
1999,Nepal,Soya Beans,7732,1483.6,14.5,12.41,0.04
2000,Nepal,Soya Beans,8492,1395.23,14.02,7.37,0.05
2001,Nepal,Soya Beans,8430,1344.87,14.34,9.91,0.05
2002,Nepal,Soya Beans,8595,1360.19,14.31,6.25,0.05
2003,Nepal,Soya Beans,8709,1352.8,14.23,2.14,0.06
2004,Nepal,Soya Beans,8772,1318.15,14.43,3.68,0.06
2005,Nepal,Soya Beans,8786,1075.34,14.28,2.07,0.05
2006,Nepal,Soya Beans,8909,1189.39,14.73,1.66,0.05
2007,Nepal,Soya Beans,9029,1216.85,14.62,0.57,0.14
2008,Nepal,Soya Beans,9048,1365.08,14.22,0.1,0.15
2009,Nepal,Soya Beans,9139,1081.36,14.94,4.94,0.09
2010,Nepal,Soya Beans,9206,1281.92,14.97,4.34,0.14
2011,Nepal,Soya Beans,9659,1652.36,14.24,9.2,0.15
2012,Nepal,Soya Beans,9654,1308.71,14.13,3.98,0.18
2013,Nepal,Soya Beans,11719,1334.14,14.01,14.78,0.2
2014,Nepal,Soya Beans,11886,730.66,14.09,18.03,0.24
2015,Nepal,Soya Beans,12006,1296.88,14.13,20.13,0.25
2016,Nepal,Soya Beans,12333,1316.54,14.8,20.13,0.27
2017,Nepal,Soya Beans,12333,1285.71,14.56,17.31,0.3
2018,Nepal,Soya Beans,12641,1288.39,14.29,20.89,0.32
2019,Nepal,Soya Beans,12537,1211.17,14.09,23.91,0.35
2020,Nepal,Soya Beans,12718,1295.25,13.97,31.71,0.29
1980,Nepal,Sugar Cane,171753,1283.97,13.82,2.22,0.03
1981,Nepal,Sugar Cane,200242,1315.85,13.48,2.19,0.03
1982,Nepal,Sugar Cane,234406,1169.83,13.46,3.21,0.03
1983,Nepal,Sugar Cane,242460,1429.04,13.17,3.64,0.03
1984,Nepal,Sugar Cane,223865,1354.13,13.79,4.56,0.03
1985,Nepal,Sugar Cane,233558,1492.51,13.99,4.74,0.03
1986,Nepal,Sugar Cane,242651,1301.13,13.26,5.11,0.03
1987,Nepal,Sugar Cane,247523,1374.21,13.73,6.5,0.03
1988,Nepal,Sugar Cane,275881,1378.02,14.06,6.52,0.03
1989,Nepal,Sugar Cane,305587,1242.11,13.52,7.15,0.03
1990,Nepal,Sugar Cane,313746,1400.2,13.7,8.13,0.03
1991,Nepal,Sugar Cane,335546,1142.66,13.58,9.65,0.03
1992,Nepal,Sugar Cane,345186,1032.05,13.37,9.05,0.03
1993,Nepal,Sugar Cane,356438,1108.64,13.8,7.15,0.03
1994,Nepal,Sugar Cane,378722,1146.22,13.89,10.42,0.03
1995,Nepal,Sugar Cane,344171,1193.23,13.97,8.87,0.03
1996,Nepal,Sugar Cane,350000,1226.26,14,10.36,0.03
1997,Nepal,Sugar Cane,351445,1424.8,13.13,11.75,0.03
1998,Nepal,Sugar Cane,351957,1431.14,14.26,13.25,0.04
1999,Nepal,Sugar Cane,365838,1483.6,14.5,12.41,0.04
2000,Nepal,Sugar Cane,361874,1395.23,14.02,7.37,0.05
2001,Nepal,Sugar Cane,372216,1344.87,14.34,9.91,0.05
2002,Nepal,Sugar Cane,377960,1360.19,14.31,6.25,0.05
2003,Nepal,Sugar Cane,387762,1352.8,14.23,2.14,0.06
2004,Nepal,Sugar Cane,387939,1318.15,14.43,3.68,0.06
2005,Nepal,Sugar Cane,402170,1075.34,14.28,2.07,0.05
2006,Nepal,Sugar Cane,396818,1189.39,14.73,1.66,0.05
2007,Nepal,Sugar Cane,406096,1216.85,14.62,0.57,0.14
2008,Nepal,Sugar Cane,394752,1365.08,14.22,0.1,0.15
2009,Nepal,Sugar Cane,405227,1081.36,14.94,4.94,0.09
2010,Nepal,Sugar Cane,425000,1281.92,14.97,4.34,0.14
2011,Nepal,Sugar Cane,431478,1652.36,14.24,9.2,0.15
2012,Nepal,Sugar Cane,454468,1308.71,14.13,3.98,0.18
2013,Nepal,Sugar Cane,454383,1334.14,14.01,14.78,0.2
2014,Nepal,Sugar Cane,456490,730.66,14.09,18.03,0.24
2015,Nepal,Sugar Cane,459910,1296.88,14.13,20.13,0.25
2016,Nepal,Sugar Cane,537094,1316.54,14.8,20.13,0.27
2017,Nepal,Sugar Cane,452622,1285.71,14.56,17.31,0.3
2018,Nepal,Sugar Cane,452643,1288.39,14.29,20.89,0.32
2019,Nepal,Sugar Cane,496745,1211.17,14.09,23.91,0.35
2020,Nepal,Sugar Cane,495905,1295.25,13.97,31.71,0.29
1980,Nepal,Corn,16241,1283.97,13.82,2.22,0.03
1981,Nepal,Corn,15805,1315.85,13.48,2.19,0.03
1982,Nepal,Corn,14062,1169.83,13.46,3.21,0.03
1983,Nepal,Corn,15108,1429.04,13.17,3.64,0.03
1984,Nepal,Corn,14167,1354.13,13.79,4.56,0.03
1985,Nepal,Corn,14215,1492.51,13.99,4.74,0.03
1986,Nepal,Corn,13856,1301.13,13.26,5.11,0.03
1987,Nepal,Corn,13379,1374.21,13.73,6.5,0.03
1988,Nepal,Corn,14845,1378.02,14.06,6.52,0.03
1989,Nepal,Corn,15988,1242.11,13.52,7.15,0.03
1990,Nepal,Corn,16246,1400.2,13.7,8.13,0.03
1991,Nepal,Corn,15976,1142.66,13.58,9.65,0.03
1992,Nepal,Corn,16647,1032.05,13.37,9.05,0.03
1993,Nepal,Corn,15984,1108.64,13.8,7.15,0.03
1994,Nepal,Corn,16502,1146.22,13.89,10.42,0.03
1995,Nepal,Corn,16447,1193.23,13.97,8.87,0.03
1996,Nepal,Corn,16770,1226.26,14,10.36,0.03
1997,Nepal,Corn,16585,1424.8,13.13,11.75,0.03
1998,Nepal,Corn,17112,1431.14,14.26,13.25,0.04
1999,Nepal,Corn,16776,1483.6,14.5,12.41,0.04
2000,Nepal,Corn,17275,1395.23,14.02,7.37,0.05
2001,Nepal,Corn,18000,1344.87,14.34,9.91,0.05
2002,Nepal,Corn,18291,1360.19,14.31,6.25,0.05
2003,Nepal,Corn,18765,1352.8,14.23,2.14,0.06
2004,Nepal,Corn,19059,1318.15,14.43,3.68,0.06
2005,Nepal,Corn,20191,1075.34,14.28,2.07,0.05
2006,Nepal,Corn,20382,1189.39,14.73,1.66,0.05
2007,Nepal,Corn,20909,1216.85,14.62,0.57,0.14
2008,Nepal,Corn,21590,1365.08,14.22,0.1,0.15
2009,Nepal,Corn,22054,1081.36,14.94,4.94,0.09
2010,Nepal,Corn,21186,1281.92,14.97,4.34,0.14
2011,Nepal,Corn,22814,1652.36,14.24,9.2,0.15
2012,Nepal,Corn,25011,1308.71,14.13,3.98,0.18
2013,Nepal,Corn,23528,1334.14,14.01,14.78,0.2
2014,Nepal,Corn,24584,730.66,14.09,18.03,0.24
2015,Nepal,Corn,24312,1296.88,14.13,20.13,0.25
2016,Nepal,Corn,25029,1316.54,14.8,20.13,0.27
2017,Nepal,Corn,25549,1285.71,14.56,17.31,0.3
2018,Nepal,Corn,27216,1288.39,14.29,20.89,0.32
2019,Nepal,Corn,28199,1211.17,14.09,23.91,0.35
2020,Nepal,Corn,29611,1295.25,13.97,31.71,0.29
